{
    "512x8192": [
        [
            0.012912273406982422,
            0.01268315315246582,
            0.01276707649230957,
            0.01258707046508789,
            0.012766838073730469,
            0.012561321258544922,
            0.012562751770019531,
            0.01258993148803711,
            0.01265406608581543,
            0.01258707046508789
        ],
        [
            0.013421773910522461,
            0.012678861618041992,
            0.012624740600585938,
            0.012489795684814453,
            0.012418031692504883,
            0.012454986572265625,
            0.012547016143798828,
            0.012806177139282227,
            0.012614727020263672,
            0.012428045272827148
        ],
        [
            0.10106515884399414,
            0.011510133743286133,
            0.011615991592407227,
            0.011630058288574219,
            0.0117340087890625,
            0.011778116226196289,
            0.01189422607421875,
            0.011706829071044922,
            0.011754035949707031,
            0.011836051940917969
        ],
        [
            0.006475210189819336,
            0.0061337947845458984,
            0.0053250789642333984,
            0.00545191764831543,
            0.005221843719482422,
            0.005320310592651367,
            0.005439043045043945,
            0.005506038665771484,
            0.0054967403411865234,
            0.0053560733795166016
        ],
        [
            0.01129007339477539,
            0.01004791259765625,
            0.009783029556274414,
            0.009546995162963867,
            0.009613037109375,
            0.009983062744140625,
            0.009911060333251953,
            0.009701013565063477,
            0.00724482536315918,
            0.009649038314819336
        ]
    ],
    "8192x512": [
        [
            0.24909067153930664,
            0.1987757682800293,
            0.20152592658996582,
            0.20750784873962402,
            0.1996450424194336,
            0.20047807693481445,
            0.19959592819213867,
            0.1991729736328125,
            0.20354890823364258,
            0.20569682121276855
        ],
        [
            0.24901199340820312,
            0.196058988571167,
            0.19749212265014648,
            0.20403099060058594,
            0.19951367378234863,
            0.27266883850097656,
            0.2000110149383545,
            0.21190524101257324,
            0.2051982879638672,
            0.20122289657592773
        ],
        [
            0.057042837142944336,
            0.05294513702392578,
            0.05351972579956055,
            0.05289483070373535,
            0.05233883857727051,
            0.05801701545715332,
            0.052865028381347656,
            0.05392098426818848,
            0.054450035095214844,
            0.05390286445617676
        ],
        [
            0.09572315216064453,
            0.08181118965148926,
            0.09651303291320801,
            0.10198402404785156,
            0.06829285621643066,
            0.07177209854125977,
            0.08260703086853027,
            0.06960916519165039,
            0.0683598518371582,
            0.06856584548950195
        ],
        [
            0.06309199333190918,
            0.056043148040771484,
            0.05513310432434082,
            0.05198407173156738,
            0.053539276123046875,
            0.05834388732910156,
            0.05733299255371094,
            0.05740475654602051,
            0.0634610652923584,
            0.053099870681762695
        ]
    ],
    "1024x1024": [
        [
            0.007073879241943359,
            0.007279157638549805,
            0.007640838623046875,
            0.007215023040771484,
            0.007934808731079102,
            0.007344961166381836,
            0.007583141326904297,
            0.008259057998657227,
            0.0073168277740478516,
            0.008552074432373047
        ],
        [
            0.006904125213623047,
            0.0068590641021728516,
            0.00661468505859375,
            0.00661778450012207,
            0.006857872009277344,
            0.006630897521972656,
            0.006685018539428711,
            0.006804943084716797,
            0.0066869258880615234,
            0.006880044937133789
        ],
        [
            0.01020503044128418,
            0.005373954772949219,
            0.006113767623901367,
            0.004881858825683594,
            0.005351066589355469,
            0.005609989166259766,
            0.005546092987060547,
            0.0056972503662109375,
            0.005660057067871094,
            0.005721092224121094
        ],
        [
            0.0030219554901123047,
            0.0024518966674804688,
            0.0026700496673583984,
            0.0024099349975585938,
            0.0023458003997802734,
            0.002374887466430664,
            0.002741098403930664,
            0.002618074417114258,
            0.0025522708892822266,
            0.0026388168334960938
        ],
        [
            0.005336761474609375,
            0.005450010299682617,
            0.005486011505126953,
            0.005471467971801758,
            0.005627870559692383,
            0.005076885223388672,
            0.005402088165283203,
            0.005571126937866211,
            0.0052280426025390625,
            0.005345821380615234
        ]
    ],
    "2048x2048": [
        [
            0.05456399917602539,
            0.05217719078063965,
            0.053784847259521484,
            0.056378841400146484,
            0.05453777313232422,
            0.05545186996459961,
            0.05262398719787598,
            0.05242586135864258,
            0.05264401435852051,
            0.05274796485900879
        ],
        [
            0.05400896072387695,
            0.05727219581604004,
            0.055084943771362305,
            0.05264472961425781,
            0.05354118347167969,
            0.05194592475891113,
            0.05149579048156738,
            0.05174589157104492,
            0.05187821388244629,
            0.051442861557006836
        ],
        [
            0.024801969528198242,
            0.020611047744750977,
            0.02022385597229004,
            0.022942066192626953,
            0.020848989486694336,
            0.021501779556274414,
            0.023546934127807617,
            0.02286386489868164,
            0.02290201187133789,
            0.02258586883544922
        ],
        [
            0.01941704750061035,
            0.021023988723754883,
            0.020475149154663086,
            0.01964282989501953,
            0.019098997116088867,
            0.0192110538482666,
            0.01949906349182129,
            0.019546031951904297,
            0.0196077823638916,
            0.019581317901611328
        ],
        [
            0.013618946075439453,
            0.012109994888305664,
            0.012291193008422852,
            0.015425920486450195,
            0.012101888656616211,
            0.014521121978759766,
            0.015034198760986328,
            0.015822172164916992,
            0.015297174453735352,
            0.017078638076782227
        ]
    ],