{
    "512x8192": [
        [
            0.0,
            0.0,
            0.0,
            0.0,
            0.0,
            0.0,
            0.0,
            0.0,
            0.0,
            0.0
        ],
        [
            1.2596313953399658,
            1.2656797170639038,
            1.2640337944030762,
            1.2615437507629395,
            1.2607817649841309,
            1.2596378326416016,
            1.2624015808105469,
            1.2653244733810425,
            1.2605628967285156,
            1.26446533203125
        ],
        [
            1.2596313953399658,
            1.2656797170639038,
            1.2640337944030762,
            1.2615437507629395,
            1.2607817649841309,
            1.2596378326416016,
            1.2624015808105469,
            1.2653244733810425,
            1.2605628967285156,
            1.26446533203125
        ],
        [
            1.2596313953399658,
            1.2656797170639038,
            1.2640337944030762,
            1.2615437507629395,
            1.2607817649841309,
            1.2596378326416016,
            1.2624015808105469,
            1.2653244733810425,
            1.2605628967285156,
            1.26446533203125
        ]
    ],
    "8192x512": [
        [
            0.0,
            0.0,
            0.0,
            0.0,
            0.0,
            0.0,
            0.0,
            0.0,
            0.0,
            0.0
        ],
        [
            0.0,
            0.0,
            0.0,
            0.0,
            0.0,
            0.0,
            0.0,
            0.0,
            0.0,
            0.0
        ],
        [
            0.0,
            0.0,
            0.0,
            0.0,
            0.0,
            0.0,
            0.0,
            0.0,
            0.0,
            0.0
        ],
        [
            0.0,
            0.0,
            0.0,
            0.0,
            0.0,
            0.0,
            0.0,
            0.0,
            0.0,
            0.0
        ]
    ],
    "1024x1024": [
        [
            0.0,
            0.0,
            0.0,
            0.0,
            0.0,
            0.0,
            0.0,
            0.0,
            0.0,
            0.0
        ],
        [
            0.0,
            0.0,
            0.0,
            0.0,
            0.0,
            0.0,
            0.0,
            0.0,
            0.0,
            0.0
        ],
        [
            0.0,
            0.0,
            0.0,
            0.0,
            0.0,
            0.0,
            0.0,
            0.0,
            0.0,
            0.0
        ],
        [
            0.0,
            0.0,
            0.0,
            0.0,
            0.0,
            0.0,
            0.0,
            0.0,
            0.0,
            0.0
        ]
    ],
    "2048x2048": [
        [
            0.0,
            0.0,
            0.0,
            0.0,
            0.0,
            0.0,
            0.0,
            0.0,
            0.0,
            0.0
        ],
        [
            0.6670322418212891,
            0.6658850908279419,
            0.6658987998962402,
            0.6677406430244446,
            0.6671031713485718,
            0.667682945728302,
            0.6674404740333557,
            0.6667171716690063,
            0.6681554913520813,
            0.6661919951438904
        ],
        [
            0.6670322418212891,
            0.6658850908279419,
            0.6658987998962402,
            0.6677406430244446,
            0.6671031713485718,
            0.667682945728302,
            0.6674404740333557,
            0.6667171716690063,
            0.6681554913520813,
            0.6661919951438904
        ],
        [
            0.6670322418212891,
            0.6658850908279419,
            0.6658987998962402,
            0.6677406430244446,
            0.6671031713485718,
            0.667682945728302,
            0.6674404740333557,
            0.6667171716690063,
            0.6681554913520813,
            0.6661919951438904
        ]
    ],
    "4096x4096": [
        [
            0.0,
            0.0,
            0.0,
            0.0,
            0.0,
            0.0,
            0.0,
            0.0,
            0.0,
            0.0
        ],
        [
            3.682624340057373,
            3.680971145629883,
            3.681065320968628,
            3.6791441440582275,
            3.6811742782592773,
            3.679640054702759,
            3.6825356483459473,
            3.681450605392456,
            3.6822071075439453,
            3.680704355239868
        ],
        [
            3.682624340057373,
            3.680971145629883,
            3.681065320968628,
            3.6791441440582275,
            3.6811742782592773,
            3.679640054702759,
            3.6825356483459473,
            3.681450605392456,
            3.6822071075439453,
            3.680704355239868
        ],
        [
            3.682624340057373,
            3.680971145629883,
            3.681065320968628,
            3.6791441440582275,
            3.6811742782592773,
            3.679640054702759,
            3.6825356483459473,
            3.681450605392456,
            3.6822071075439453,
            3.680704355239868
        ]
    ],
    "8192x8192": [
        [
            0.0,
            0.0,
            0.0,
            0.0,
            0.0,
            0.0,
            0.0,
            0.0,
            0.0,
            0.0
        ],
        [
            20.207704544067383,
            20.209171295166016,
            20.20806312561035,
            20.20820426940918,
            20.205408096313477,
            20.20825958251953,
            20.204919815063477,
            20.208023071289062,
            20.20501136779785,
            20.210283279418945
        ],
        [
            20.207704544067383,
            20.209171295166016,
            20.20806312561035,
            20.20820426940918,
            20.205408096313477,
            20.20825958251953,
            20.204919815063477,
            20.208023071289062,
            20.20501136779785,
            20.210283279418945
        ],
        [
            20.207704544067383,
            20.209171295166016,
            20.20806312561035,
            20.20820426940918,
            20.205408096313477,
            20.20825958251953,
            20.204919815063477,
            20.208023071289062,
            20.20501136779785,
            20.210283279418945
        ]
    ],
    "16384x16384": [
        [
            0.0,
            0.0,
            0.0,
            0.0,
            0.0,
            0.0,
            0.0,
            0.0,
            0.0,
            0.0
        ],
        [
            113.15123748779297,
            113.15995788574219,
            113.15824127197266,
            113.13936614990234,
            113.15729522705078,
            113.15886688232422,
            113.12675476074219,
            113.13446807861328,
            113.15763854980469,
            113.1451644897461
        ],
        [
            113.15123748779297,
            113.15995788574219,
            113.15824127197266,
            113.13936614990234,
            113.15729522705078,
            113.15886688232422,
            113.12675476074219,
            113.13446807861328,
            113.15763854980469,
            113.1451644897461
        ],
        [
            113.15123748779297,
            113.15995788574219,
            113.15824127197266,
            113.13936614990234,
            113.15729522705078,
            113.15886688232422,
            113.12675476074219,
            113.13446807861328,
            113.15763854980469,
            113.1451644897461
        ]
    ]
}